userId,title,rating
4,Movie 100,5.4412093
4,Movie 1,5.021334
4,Movie 51,4.9828253
4,Movie 16,4.898067
4,Movie 34,4.8840203
4,Movie 91,4.004147
4,Movie 49,4.0037866
